Tên,Giới tính
Anh Vũ (nghệ sĩ),Nam
Bắc Sơn (nghệ sĩ),Nam
Ba Vân,Nam
Bảo Chung,Nam
Bảo Quốc,Nam
Xuân Bắc (diễn viên),Nam
Bình An (diễn viên),Nam
Bình Minh (người mẫu),Nam
Bình Trọng,Nam
Bùi Bài Bình,Nam
Cao Minh Đạt,Nam
Hoàng Nhuận Cầm,Nam
Chi Bảo,Nam
Chí Tài,Nam
Chí Thiện (ca sĩ),Nam
Chí Trung,Nam
Chiến Thắng (nghệ sĩ),Nam
Công Dương,Nam
Công Lý (diễn viên),Nam
Công Ninh,Nam
Cris Phan,Nam
Diệp Lang,Nam
Don Nguyễn,Nam
Duy Khánh (diễn viên),Nam
Đại Nghĩa (diễn viên),Nam
Đan Trường,Nam
Đào Bá Sơn,Nam
Đình Toàn,Nam
Đơn Dương (diễn viên),Nam
Đức Thịnh (đạo diễn),Nam
Hà Văn Trọng,Nam
Harry Lu,Nam
Hiếu Hiền,Nam
Hòa Hiệp (diễn viên),Nam
Hoài Lâm,Nam
Hoài Linh,Nam
Hoàng Dũng,Nam
Hoàng Phúc (diễn viên),Nam
Hồ Kiểng,Nam
Hồ Vĩnh Khoa,Nam
Hồng Đăng (diễn viên),Nam
Hồng Sơn (diễn viên),Nam
Hồng Tơ,Nam
Hùng Cường (nghệ sĩ),Nam
Huyme,Nam
Huỳnh Anh Tuấn,Nam
Huỳnh Đông,Nam
Hứa Vĩ Văn,Nam
Hữu Châu,Nam
Hữu Nghĩa,Nam
Isaac (ca sĩ),Nam
Jun Phạm,Nam
Huy Khánh,Nam
Khương Ngọc,Nam
Kim Lân,Nam
Kim Lý,Nam
Kinh Quốc,Nam
Lâm Tới,Nam
Cung Lê,Nam
Lê Bình (diễn viên),Nam
Lê Công Tuấn Anh,Nam
Lê Dương Bảo Lâm,Nam
Lê Tuấn Anh,Nam
Lê Vũ Cầu,Nam
Liên Bỉnh Phát,Nam
Lộng Chương,Nam
Lương Mạnh Hải,Nam
Lý Hải,Nam
Lý Hùng,Nam
Lý Huỳnh,Nam
Mạc Can,Nam
Mạc Văn Khoa,Nam
Mai Thế Hiệp,Nam
Mạnh Trường (diễn viên),Nam
Minh Béo,Nam
Minh Nhí,Nam
Minh Thuận (ca sĩ),Nam
Quách Ngọc Ngoan,Nam
Ngô Kiến Huy,Nam
Dustin Nguyễn,Nam
Nguyễn Anh Dũng (diễn viên),Nam
Nguyễn Chánh Tín,Nam
Nguyên Hạnh,Nam
Nguyễn Hậu,Nam
Nguyễn Phi Hùng (ca sĩ),Nam
Nguyên Vũ (ca sĩ),Nam
Johnny Trí Nguyễn,Nam
Nhan Phúc Vinh,Nam
Nhật Cường,Nam
Nhật Trung (đạo diễn),Nam
Phùng Ngọc Huy,Nam
Phước Sang,Nam
Quang Thắng,Nam
Quang Tuấn,Nam
Quang Tèo,Nam
Quốc Anh (nghệ sĩ chèo),Nam
Quốc Khánh (nghệ sĩ),Nam
Quốc Trường (diễn viên),Nam
Quyền Linh,Nam
Robert Hải,Nam
Sơn Tùng M-TP,Nam
Tăng Nhật Tuệ,Nam
Tấn Beo,Nam
Tấn Bo,Nam
Thái Hòa (diễn viên),Nam
Thái San,Nam
Thanh Duy,Nam
Thanh Điền (nghệ sĩ cải lương),Nam
Thành Lộc,Nam
Thanh Nam,Nam
Thế Anh,Nam
Thương Tín (diễn viên),Nam
Trần Bảo Sơn,Nam
Trần Lực,Nam
Trần Nghĩa (diễn viên),Nam
Trần Phương (nghệ sĩ),Nam
Trần Quốc Trọng,Nam
Trấn Thành,Nam
Trần Văn Trạch,Nam
Trịnh Thịnh,Nam
Trọng Hiếu,Nam
Trọng Khôi,Nam
Trọng Trinh,Nam
Trung Anh,Nam
Trung Dân,Nam
Trung Hiếu (diễn viên),Nam
Trường Giang (nghệ sĩ),Nam
Trương Minh Quốc Thái,Nam
Trương Thế Vinh,Nam
Kiều Minh Tuấn,Nam
Tự Long,Nam
Văn Tùng,Nam
Văn Chung (sinh năm 1927),Nam
Việt Anh (nghệ sĩ),Nam
Võ Ngọc Trai,Nam
Bằng Kiều,Nam
Bùi Anh Tuấn,Nam
Châu Đăng Khoa,Nam
Châu Việt Cường,Nam
Chế Linh,Nam
Chi Dân,Nam
Chí Tâm,Nam
Chí Thiện (ca sĩ),Nam
Doãn Tần,Nam
Don Nguyễn,Nam
Duy Khánh (diễn viên),Nam
Duy Mạnh,Nam
Dương Triệu Vũ,Nam
Tùng Dương,Nam
Đan Trường,Nam
Đen Vâu,Nam
Đức Phúc,Nam
Elvis Phương,Nam
Erik (ca sĩ Việt Nam),Nam
Hà Okio,Nam
Hoài Lâm,Nam
Hoàng Hải (ca sĩ),Nam
Hồ Quang Hiếu,Nam
Hồ Văn Cường,Nam
Hùng Thuận,Nam
Huy MC,Nam
Huỳnh Hiền Năng,Nam
Hứa Vĩ Văn,Nam
Đàm Vĩnh Hưng,Nam
Isaac (ca sĩ),Nam
Jack (ca sĩ Việt Nam),Nam
Jun Phạm,Nam
Kai Đinh,Nam
Karik,Nam
Khánh Phương,Nam
Khắc Việt,Nam
Khương Ngọc,Nam
Kiều Hưng,Nam
Lam Trường,Nam
Lâm Nhật Tiến,Nam
Trần Lập (nhạc sĩ),Nam
Lê Mộng Hoàng,Nam
Long Nhật,Nam
Vũ Thắng Lợi,Nam
Lương Bằng Quang,Nam
Lý Hải,Nam
Lý Hùng,Nam
Mạnh Quỳnh,Nam
Minh Thuận (ca sĩ),Nam
Minh Vương (ca sĩ sinh 1984),Nam
Gioan Baotixita Nguyễn Sang,Nam
Nam Cường (ca sĩ),Nam
Ngọc Sơn (ca sĩ),Nam
Ngô Kiến Huy,Nam
Ngô Trung Quang,Nam
Cardin Nguyễn,Nam
Thành viên:Nguyễn Đỗ Trung/Lou Hoàng,Nam
Nguyễn Hưng,Nam
Nguyễn Hữu Thiết,Nam
Nguyễn Phi Hùng (ca sĩ),Nam
Nguyên Vũ (ca sĩ),Nam
Nhật Tinh Anh,Nam
Ninh Đức Hoàng Long,Nam
Noo Phước Thịnh,Nam
Nông Xuân Ái,Nam
Only C,Nam
Phạm Duy,Nam
Phạm Toàn Thắng,Nam
Phạm Trưởng,Nam
Phan Mạnh Quỳnh,Nam
Phú Lê,Nam
Phùng Ngọc Huy,Nam
Phùng Tiến Minh,Nam
Quang Anh,Nam
Quang Hà,Nam
Quang Lê,Nam
Quang Thọ (ca sĩ),Nam
Quang Vinh (ca sĩ),Nam
Trung Quân,Nam
Nguyễn Trần Trung Quân,Nam
Quốc Hương,Nam
Quốc Thiên,Nam
Quý Dương (nghệ sĩ),Nam
Rhymastic,Nam
Sơn Tùng M-TP,Nam
Sỹ Luân,Nam
Việt Hoàn,Nam
Tạ Quang Thắng,Nam
Tăng Nhật Tuệ,Nam
Thanh Duy,Nam
The Men,Nam
Thế Sơn,Nam
Thu Hồ,Nam
Trần Tiến,Nam
Trần Hiếu,Nam
Trần Khánh,Nam
Trần Thái Hòa,Nam
Trần Văn Trạch,Nam
Trịnh Thăng Bình,Nam
Trọng Hiếu,Nam
Trọng Tấn,Nam
Trúc Hồ,Nam
Trúc Nhân,Nam
Trung Chỉnh,Nam
Trung Đức,Nam
Trung Kiên (nghệ sĩ),Nam
Trương Thế Vinh,Nam
Trường Vũ (ca sĩ),Nam
Tuấn Khanh (nhạc sĩ sinh 1933),Nam
Tuấn Ngọc,Nam
Hà Anh Tuấn,Nam
Ưng Hoàng Phúc,Nam
Văn Hanh,Nam
Việt Khang,Nam
Việt Quang (ca sĩ),Nam
Vũ (ca sĩ),Nam
Vũ Khanh,Nam
Wowy,Nam
Xuân Hinh,Nam
Ya Suy,Nam
Ái Liên,Nu
Ái Phương,Nu
Ái Vân,Nu
Amee,Nu
Angela Phương Trinh,Nu
Ánh Minh,Nu
Anh Thúy (ca sĩ),Nu
Ánh Tuyết,Nu
Bạch Yến (ca sĩ),Nu
Bảo Anh,Nu
Bảo Lan,Nu
Bảo Thy,Nu
Băng Di,Nu
Bích Sơn (nghệ sĩ),Nu
Bùi Lan Hương,Nu
Cẩm Ly,Nu
Cẩm Vân (ca sĩ),Nu
Cherry Ngọc Trâm,Nu
Linda Chou,Nu
Cindy Thái Tài,Nu
Diễm Liên,Nu
Diễm Sương,Nu
Dương Hoàng Yến,Nu
Dương Minh Ánh,Nu
Đinh Hương,Nu
Đoan Trang,Nu
Đông Nhi,Nu
Gil Lê,Nu
Hạ Vy,Nu
Hồ Ngọc Hà,Nu
Trần Thu Hà,Nu
Hải Băng,Nu
Hiền Thục,Nu
Hòa Minzy,Nu
Hoàng Châu (ca sĩ),Nu
Hoàng Oanh,Nu
Hoàng Quyên,Nu
Hoàng Yến Chibi,Nu
Hồ Lệ Thu,Nu
Hồ Mộ La,Nu
Hồng Ngọc (ca sĩ),Nu
Hồng Nhung,Nu
Hương Giang (nghệ sĩ),Nu
Hương Lan,Nu
Hương Thanh,Nu
Hương Thủy (ca sĩ),Nu
Hồ Quỳnh Hương,Nu
Khánh Hà (ca sĩ),Nu
Khánh Ly,Nu
Khánh Ngọc (ca sĩ),Nu
Mai Khôi,Nu
Khổng Tú Quỳnh,Nu
Khởi My,Nu
Kim Anh (ca sĩ),Nu
Thanh Lam,Nu
Lan Anh (ca sĩ),Nu
Lâm Thúy Vân,Nu
Lê Dung,Nu
Lệ Quyên (ca sĩ sinh 1981),Nu
Lệ Thu,Nu
LIME,Nu
Mỹ Linh,Nu
Hoàng Thùy Linh,Nu
LipB,Nu
Lương Bích Hữu,Nu
Lưu Bích,Nu
Lynda Trang Đài,Nu
Mai Lệ Huyền,Nu
Maya (ca sĩ),Nu
Min (ca sĩ Việt Nam),Nu
Minh Hằng,Nu
Minh Tuyết,Nu
Miu Lê,Nu
Mộng Tuyền,Nu
Mỹ Tâm,Nu
Ngân Huệ,Nu
Ngân Khánh,Nu
Ngọc Dậu,Nu
Ngọc Khuê (ca sĩ),Nu
Ngọc Lan,Nu
Ngọc Minh (ca sĩ),Nu
Ngô Thanh Vân,Nu
Nguyễn Linh Nga,Nu
Nguyên Thảo,Nu
Nguyễn Thuý Cải,Nu
Nhật Kim Anh,Nu
Như Loan,Nu
Như Quỳnh (ca sĩ),Nu
Hà Quỳnh Như,Nu
Orange (ca sĩ),Nu
Phạm Quỳnh Anh,Nu
Phương Anh Bolero,Nu
Phương Dung,Nu
Phương Thanh,Nu
Thảo luận:Phương Thanh,Nu
Phương Trinh Jolie,Nu
Phương Vy,Nu
Bích Phương,Nu
Quách Mai Thy,Nu
Quách Thị Hồ,Nu
Kristine Sa,Nu
SGO48,Nu
Siu Black,Nu
Suboi,Nu
Suni Hạ Linh,Nu
Tài Linh,Nu
Tâm Đoan,Nu
Tâm Tít,Nu
Tân Nhàn,Nu
Thái Bảo (ca sĩ),Nu
Thái Thanh (ca sĩ),Nu
Thái Thảo,Nu
Thanh Hà (ca sĩ),Nu
Thanh Hoa (ca sĩ),Nu
Thanh Huyền,Nu
Thanh Lan,Nu
Thanh Mai (ca sĩ),Nu
Thanh Thanh Hiền,Nu
Thanh Thảo (ca sĩ),Nu
Thanh Thúy (ca sĩ sinh 1977),Nu
Thu Hiền,Nu
Thu Minh,Nu
Thu Phương,Nu
Thu Thủy (ca sĩ),Nu
Thu Ngọc,Nu
Thùy Chi,Nu
Thúy Hường,Nu
Thùy Lâm,Nu
Thủy Tiên (ca sĩ),Nu
Thủy Top,Nu
Thương Huyền,Nu
Tia Hải Châu,Nu
Tiên Cookie,Nu
Tóc Tiên (ca sĩ),Nu
Hương Tràm,Nu
Trang Mỹ Dung,Nu
Trang Nhung,Nu
Trish Thùy Trang,Nu
Trương Quỳnh Anh,Nu
Túy Phượng,Nu
Tuyết Mai,Nu
Tường Vi,Nu
Uyên Linh,Nu
Vân Khánh (ca sĩ),Nu
Vĩnh Thuyên Kim,Nu
Vũ Cát Tường,Nu
Hari Won,Nu
Xuân Mai (ca sĩ),Nu
Yến Vy,Nu
Ái Liên,Nu
Ái Phương,Nu
Ái Vân,Nu
Amee,Nu
Angela Phương Trinh,Nu
Ánh Minh,Nu
Anh Thúy (ca sĩ),Nu
Ánh Tuyết,Nu
Bạch Yến (ca sĩ),Nu
Bảo Anh,Nu
Bảo Lan,Nu
Bảo Thy,Nu
Băng Di,Nu
Bích Sơn (nghệ sĩ),Nu
Bùi Lan Hương,Nu
Cẩm Ly,Nu
Cẩm Vân (ca sĩ),Nu
Cherry Ngọc Trâm,Nu
Linda Chou,Nu
Cindy Thái Tài,Nu
Diễm Liên,Nu
Diễm Sương,Nu
Dương Hoàng Yến,Nu
Dương Minh Ánh,Nu
Đinh Hương,Nu
Đoan Trang,Nu
Đông Nhi,Nu
Gil Lê,Nu
Hạ Vy,Nu
Hồ Ngọc Hà,Nu
Trần Thu Hà,Nu
Hải Băng,Nu
Hiền Thục,Nu
Hòa Minzy,Nu
Hoàng Châu (ca sĩ),Nu
Hoàng Oanh,Nu
Hoàng Quyên,Nu
Hoàng Yến Chibi,Nu
Hồ Lệ Thu,Nu
Hồ Mộ La,Nu
Hồng Ngọc (ca sĩ),Nu
Hồng Nhung,Nu
Hương Giang (nghệ sĩ),Nu
Hương Lan,Nu
Hương Thanh,Nu
Hương Thủy (ca sĩ),Nu
Hồ Quỳnh Hương,Nu
Khánh Hà (ca sĩ),Nu
Khánh Ly,Nu
Khánh Ngọc (ca sĩ),Nu
Mai Khôi,Nu
Khổng Tú Quỳnh,Nu
Khởi My,Nu
Kim Anh (ca sĩ),Nu
Thanh Lam,Nu
Lan Anh (ca sĩ),Nu
Lâm Thúy Vân,Nu
Lê Dung,Nu
Lệ Quyên (ca sĩ sinh 1981),Nu
Lệ Thu,Nu
LIME,Nu
Mỹ Linh,Nu
Hoàng Thùy Linh,Nu
LipB,Nu
Lương Bích Hữu,Nu
Lưu Bích,Nu
Lynda Trang Đài,Nu
Mai Lệ Huyền,Nu
Maya (ca sĩ),Nu
Min (ca sĩ Việt Nam),Nu
Minh Hằng,Nu
Minh Tuyết,Nu
Miu Lê,Nu
Mộng Tuyền,Nu
Mỹ Tâm,Nu
Ngân Huệ,Nu
Ngân Khánh,Nu
Ngọc Dậu,Nu
Ngọc Khuê (ca sĩ),Nu
Ngọc Lan,Nu
Ngọc Minh (ca sĩ),Nu
Ngô Thanh Vân,Nu
Nguyễn Linh Nga,Nu
Nguyên Thảo,Nu
Nguyễn Thuý Cải,Nu
Nhật Kim Anh,Nu
Như Loan,Nu
Như Quỳnh (ca sĩ),Nu
Hà Quỳnh Như,Nu
Orange (ca sĩ),Nu
Phạm Quỳnh Anh,Nu
Phương Anh Bolero,Nu
Phương Dung,Nu
Phương Thanh,Nu
Thảo luận:Phương Thanh,Nu
Phương Trinh Jolie,Nu
Phương Vy,Nu
Bích Phương,Nu
Quách Mai Thy,Nu
Quách Thị Hồ,Nu
Kristine Sa,Nu
SGO48,Nu
Siu Black,Nu
Suboi,Nu
Suni Hạ Linh,Nu
Tài Linh,Nu
Tâm Đoan,Nu
Tâm Tít,Nu
Tân Nhàn,Nu
Thái Bảo (ca sĩ),Nu
Thái Thanh (ca sĩ),Nu
Thái Thảo,Nu
Thanh Hà (ca sĩ),Nu
Thanh Hoa (ca sĩ),Nu
Thanh Huyền,Nu
Thanh Lan,Nu
Thanh Mai (ca sĩ),Nu
Thanh Thanh Hiền,Nu
Thanh Thảo (ca sĩ),Nu
Thanh Thúy (ca sĩ sinh 1977),Nu
Thu Hiền,Nu
Thu Minh,Nu
Thu Phương,Nu
Thu Thủy (ca sĩ),Nu
Thu Ngọc,Nu
Thùy Chi,Nu
Thúy Hường,Nu
Thùy Lâm,Nu
Thủy Tiên (ca sĩ),Nu
Thủy Top,Nu
Thương Huyền,Nu
Tia Hải Châu,Nu
Tiên Cookie,Nu
Tóc Tiên (ca sĩ),Nu
Hương Tràm,Nu
Trang Mỹ Dung,Nu
Trang Nhung,Nu
Trish Thùy Trang,Nu
Trương Quỳnh Anh,Nu
Túy Phượng,Nu
Tuyết Mai,Nu
Tường Vi,Nu
Uyên Linh,Nu
Vân Khánh (ca sĩ),Nu
Vĩnh Thuyên Kim,Nu
Vũ Cát Tường,Nu
Hari Won,Nu
Xuân Mai (ca sĩ),Nu
Yến Vy,Nu
Trần Đình Trọng,Nam
Quế Ngọc Hải,Nam
Nguyễn Quang Hải,Nam
Đặng Văn Lâm,Nam
Bùi Tấn Dũng,Nam
Nguyễn Tấn Dũng,Nam
Nguyễn Phú Trọng,Nam
Nguyễn Xuân Phúc,Nam
Vũ Đức Đam,Nam
Phùng Xuân Nhạ,Nam
Bùi Văn Ga,Nam
Trương Gia Bình,Nam
Hà Đức Chinh,Nam
Lê Công Vinh,Nam
Nguyễn Anh Đức,Nam
Đỗ Hùng Dũng,Nam
Phan Văn Tài Em,Nam
Lương Xuân Trường,Nam
Nguyễn Tuấn Anh,Nam
